region,best,poly_error,poly_degree,poly_equation,power_error,power_alpha,power_beta,logit_error,logit_alpha,logit_beta
United States,Poly,8.526750857807517e-05,1,0.54588585 - 0.03814633 (-2.02564103 + 0.51282051x),0.000501812901109628,0.6283135024314866,-0.03581855649334386,0.7391398656295178,0.0790120983735677,6.284361823361819
China,Poly,0.001406768361952952,1,0.38326414 - 0.09468676 (-2.02564103 + 0.51282051x),0.00227984856867677,0.6251780123120579,-0.12655805674388473,0.3114415191042816,0.2072140332895503,1.6220909090909092
India,Poly,0.0033698769032765377,1,0.33885171 - 0.12124728 (-2.02564103 + 0.51282051x),0.003493895310516651,0.6840249722231503,-0.1834293583455816,0.5272788094079782,0.2820745328648073,1.520138261244927
Europe,Poly,3.9762188435719785e-06,1,0.52915397 - 0.01040701 (-2.02564103 + 0.51282051x),3.6015116957897435e-05,0.550622332472854,-0.010085433156156398,0.6466583046907705,0.021422498351079552,9.4006317016317
