region,poly_error,poly_degree,poly_equation,power_error,power_alpha,power_beta,logit_error,logit_alpha,logit_beta,best
United States,0.000984199122565124,1,0.90761794 - 0.02537247 (-2.02564103 + 0.51282051x),0.001095068675034997,0.9603098329076719,-0.014321253633744268,3.211647031422737,0.15610210940373978,18.671713655876573,Poly
China,0.002470488251798928,1,0.72571248 - 0.08308422 (-2.02564103 + 0.51282051x),0.003953539926876171,0.9122196592680761,-0.058479306072517,1.7385499473643877,0.2161744779781486,8.515663069961704,Poly
India,0.004363717591271712,1,0.95753414 - 0.03452521 (-2.02564103 + 0.51282051x),0.004556182935269199,1.0295463922627015,-0.018414472790931447,4.233917578049425,0.4583045789266388,11.020787407665257,Poly
Europe,0.0003666148542320958,1,0.80776646 - 0.02429188 (-2.02564103 + 0.51282051x),0.00048093455199949074,0.8583424398593796,-0.015414777211340219,2.248527193167846,0.08034185698154887,21.851099315465873,Poly
