region,poly_error,poly_degree,poly_equation,power_error,power_alpha,power_beta,logit_error,logit_alpha,logit_beta,best
United States,8.748528947813398e-05,1,0.6277954 - 0.02259335 (-2.02564103 + 0.51282051x),0.00021475090189603788,0.6751071956846222,-0.018451627183810916,1.1531507419683442,0.04960943452335449,14.496171875000005,Poly
China,1.180097943732435e-05,1,0.52403826 - 0.0196751 (-2.02564103 + 0.51282051x),0.00012734777821782063,0.5653029972791036,-0.019251654873413782,0.6230570049908921,0.040465925775216814,6.329277343749992,Poly
India,3.3838594783781794e-05,1,0.54226346 - 0.02512267 (-2.02564103 + 0.51282051x),0.00021590482206950643,0.5953821151047091,-0.023753720669715515,0.7157945839178529,0.051932541488646976,7.215968749999997,Poly
Europe,6.725885076949858e-05,1,0.60889325 - 0.02166427 (-2.02564103 + 0.51282051x),0.00018790541176214956,0.6542435316540532,-0.0182426177046694,1.0539844058302321,0.04667291421265507,13.441125000000003,Poly
