region,poly_error,poly_degree,poly_equation,power_error,power_alpha,power_beta,logit_error,logit_alpha,logit_beta,best
United States,0.00028574770532187365,1,0.8885741 - 0.01510274 (-1.07142857 + 0.71428571x),0.0003266557349663541,0.9048521431481522,-0.012136699641008766,2.969763831000153,0.10911891608822036,20.557142857142882,Poly
China,0.00044851136158428624,1,0.81521999 - 0.02590975 (-1.07142857 + 0.71428571x),0.0005797202322475023,0.8432905033057789,-0.022689035374002374,2.3058970334176774,0.12307974197139177,13.586734693877531,Poly
India,0.0005448387265992955,1,0.95745023 - 0.01230648 (-1.07142857 + 0.71428571x),0.000570019417161357,0.970691430849194,-0.00917622961511888,4.090471342491057,0.21713580981232647,15.90873015873016,Poly
Europe,0.0001736211207230826,1,0.83623719 - 0.01488792 (-1.07142857 + 0.71428571x),0.0002158699410921363,0.8522900493447726,-0.012714117471606992,2.469257790772246,0.07771019441713112,22.499999999999975,Poly
