region,poly_error,poly_degree,poly_equation,power_error,power_alpha,power_beta,logit_error,logit_alpha,logit_beta,best
United States,0.0006143806065753593,1,0.85893414 - 0.02571035 (-2.02564103 + 0.51282051x),0.000734768804996347,0.9124436366170657,-0.015339418981678996,2.6748160668072583,0.10911891608822043,20.557142857142875,Poly
China,0.0008557943570280876,1,0.76508135 - 0.04299448 (-2.02564103 + 0.51282051x),0.0012336017325510235,0.8567320171330987,-0.02878332113172325,1.9583470934864744,0.12307974197139133,13.586734693877576,Poly
India,0.0015670669997574402,1,0.92889703 - 0.0276424 (-2.02564103 + 0.51282051x),0.0016954653325588693,0.9863673068632576,-0.015236794743397277,3.5356626672426232,0.21713580981232608,15.908730158730183,Poly
Europe,0.0003428973733558227,1,0.80830666 - 0.023448 (-2.02564103 + 0.51282051x),0.00044934461863701316,0.8570788898313095,-0.014869795214845364,2.2522140942329916,0.0777101944171309,22.500000000000036,Poly
