region,best,poly_error,poly_degree,poly_equation,poly_a,poly_b,power_error,power_alpha,power_beta,logit_error,logit_alpha,logit_beta
United States,Poly,0.0005162166257583008,1,[ 0.67773314 -0.00716062],0.6777331407239542,-0.00716062067342923,0.0015462607281069955,0.6816485793920894,-0.011929433452257053,1.02269633897718,0.02992860438130354,24.483864857826077
China,Poly,1.265077637209814e-06,1,[9.9995387e-01 1.6882585e-06],0.9999538696465239,1.6882585005414557e-06,1.2651119039929848e-06,0.9999538700787153,1.6882813375689291e-06,11.552518990675436,-0.062343749999982274,-158.24103646434875
India,Poly,3.558572968697799e-05,1,[ 0.56582921 -0.00415618],0.5658292051386473,-0.004156181726469727,0.00043487543273998093,0.5673707214783628,-0.00798453429512517,0.6114453161503123,0.016670970582611445,15.837133319127783
Europe,Poly,1.2902800025604201e-06,1,[9.99958597e-01 1.58719140e-06],0.9999585967748819,1.5871913954896967e-06,1.2903102615297634e-06,0.9999585967971553,1.587238179154695e-06,11.70281649462456,-0.06768749999995965,-147.0932731716571
