region,best,poly_error,poly_degree,poly_equation,power_error,power_alpha,power_beta,logit_error,logit_alpha,logit_beta
United States,Poly,2.3892688149406027e-05,1,0.84956746 - 0.00528145 (-2.02564103 + 0.51282051x),2.9033116785321476e-05,0.8603273052487524,-0.0031879292329062762,2.5811368199121936,0.021194556693920875,85.64181818181804
China,Poly,1.516336099786391e-05,1,0.69943374 - 0.00714434 (-2.02564103 + 0.51282051x),2.6588719423414545e-05,0.7140429090113206,-0.005238045192164164,1.5443092214362348,0.0174288339937172,52.4147186147186
India,Poly,4.519601970739863e-06,1,0.59954117 - 0.00590003 (-2.02564103 + 0.51282051x),1.3610027083663623e-05,0.6116018874430961,-0.005046553780426346,1.0032781049552228,0.01260250401611751,35.97337662337656
Europe,Poly,1.136058343051727e-05,1,0.74958569 - 0.00522343 (-2.02564103 + 0.51282051x),1.70594427024785e-05,0.7602348700173187,-0.003573490167458634,1.8461609900221663,0.014271182230001248,80.78116883116935
