region,poly_error,poly_degree,poly_equation,power_error,power_alpha,power_beta,logit_error,logit_alpha,logit_beta,best
United States,3.209342837032143e-05,1,0.97075622 - 0.00248558 (-2.02564103 + 0.51282051x),3.3089744704770616e-05,0.9758029232046087,-0.001313015471576507,4.474748271543387,0.044923802412114806,81.94148936170183,Poly
China,0.00010639022715721427,1,0.78438846 - 0.01421231 (-2.02564103 + 0.51282051x),0.00014670249786376084,0.813661243797211,-0.00929043849724131,2.077333592367645,0.04311272317916748,33.92097264437694,Poly
India,0.0002280142541235821,1,0.9232854 - 0.01103194 (-2.02564103 + 0.51282051x),0.00024864378472345744,0.945875864128159,-0.006126060010958701,3.4161702289253904,0.08000021650830352,35.09308510638316,Poly
Europe,2.266409005605214e-05,1,0.96074767 - 0.00243367 (-2.02564103 + 0.51282051x),2.362922680230719e-05,0.9656888852692415,-0.0012989962840822733,4.159310444066893,0.03310350460451838,100.56737588652418,Poly
