region,best,poly_error,poly_degree,poly_equation,power_error,power_alpha,power_beta,logit_error,logit_alpha,logit_beta
United States,Poly,0.00026590436541470584,1,0.86846068 - 0.01621846 (-2.02564103 + 0.51282051x),0.0003133075738931456,0.9018775266034788,-0.009574043728931107,2.760077421476434,0.07289765441322053,29.87709090909095
China,Poly,0.0009315428095695949,1,0.79586945 - 0.04036418 (-2.02564103 + 0.51282051x),0.0012516446063108335,0.8814736436290491,-0.025976925369383945,2.1697714447652308,0.12787672005027265,14.640865800865804
India,Poly,0.0013131893731271268,1,0.89616035 - 0.03130434 (-2.02564103 + 0.51282051x),0.0014840443166708294,0.9615696034676731,-0.01788872849756839,3.075136532255853,0.17376856963619555,16.444545454545427
Europe,Poly,9.439466170239744e-05,1,0.81898584 - 0.01183468 (-2.02564103 + 0.51282051x),0.00012116694886216129,0.8432792234341969,-0.007409595730332116,2.329822616937348,0.04095418970499147,40.82545454545465
