region,poly_error,poly_degree,poly_equation,power_error,power_alpha,power_beta,logit_error,logit_alpha,logit_beta,best
United States,0.00016642624017293515,1,0.87427419 - 0.01248993 (-2.02564103 + 0.51282051x),0.00019435630072707927,0.8999069737601507,-0.007324831863010219,2.8162516011482897,0.058318123530576776,37.23272727272712,Poly
China,0.0005925530900417811,1,0.81033475 - 0.03058759 (-2.02564103 + 0.51282051x),0.0007731770746838326,0.8744564182514758,-0.019342803911196145,2.2709329771569107,0.10230137604021836,18.187445887445854,Poly
India,0.0007830405940021559,1,0.90738966 - 0.02267295 (-2.02564103 + 0.51282051x),0.0008716254012322172,0.9543556141064959,-0.012803421993891164,3.204750301282761,0.13901485570895586,20.4420454545455,Poly
Europe,6.010161435464724e-05,1,0.82322805 - 0.00929502 (-2.02564103 + 0.51282051x),7.653207356842158e-05,0.8422531521520363,-0.005789796893606456,2.362460366796751,0.032763351763993205,50.91818181818189,Poly
