,region,cu_copper_kg,cu_material_cost,cu_aluminum_kg,cu_nonmaterial,a1_weight,a2_weight,a3_weight,a4_weight,a1_direction,a2_direction,a3_direction,a4_direction,cu_a1_val,cu_a2_val,cu_a3_val,cu_a4_val,al_copper_kg,al_material_cost,al_aluminum_kg,al_nonmaterial,al_a1_val,al_a2_val,al_a3_val,al_a4_val,cu_a1_callibrated,al_a1_callibrated,cu_a2_callibrated,al_a2_callibrated,cu_a3_callibrated,al_a3_callibrated,cu_a4_callibrated,al_a4_callibrated,cu_utility,al_utility
0,United States,35,620,6,480,0.35,0.3,0.2,0.15,negative,positive,positive,positive,0.001006036217303823,1100.0,0.97,1.0,12,420,24,520,0.0012755102040816326,940.0,0.86,1.12,0.7645875251509056,0.9693877551020408,1.0,0.8545454545454545,1.0,0.8865979381443299,0.8928571428571428,1.0,0.5357142857142857,0.6
1,India,35,300,4,380,0.35,0.3,0.2,0.15,negative,positive,positive,positive,0.001128668171557562,0.78,0.93,0.96,18,260,22,420,0.0013157894736842105,0.82,0.85,1.1,0.8577878103837471,1.0,0.0007090909090909091,0.0007454545454545455,0.9587628865979382,0.8762886597938144,0.857142857142857,0.9821428571428571,0.5142857142857141,0.5892857142857142
2,China,30,340,10,520,0.35,0.3,0.2,0.15,negative,positive,positive,positive,0.0010204081632653062,0.74,0.9,1.05,14,290,24,560,0.0011737089201877935,0.78,0.86,1.12,0.7755102040816327,0.892018779342723,0.0006727272727272728,0.0007090909090909091,0.9278350515463918,0.8865979381443299,0.9375,1.0,0.5625,0.6
3,Europe,38,520,5,750,0.35,0.3,0.2,0.15,negative,positive,positive,positive,0.0007680491551459293,0.8,0.96,0.97,20,410,18,820,0.0008532423208191126,0.84,0.92,1.05,0.5837173579109063,0.6484641638225256,0.0007272727272727273,0.0007636363636363636,0.9896907216494846,0.9484536082474228,0.8660714285714285,0.9375,0.5196428571428571,0.5625
